[
  {
    "1": [ "0", 0 ],
    "2": [ "1", 0.28 ],
    "4": [ "3", 1.02 ],
    "18": [ "2", 0.66 ]
  },
  {
    "4": [ "4", 1.24 ],
    "5": [ "1", 0.28 ],
    "16": [ "0", 0 ],
    "17": [ "2", 0.66 ],
    "18": [ "3", 0.88 ]
  },
  {
    "3": [ "0", 0 ],
    "4": [ "2", 0.6599999999999999 ],
    "6": [ "3", 0.94 ],
    "10": [ "4", 1.2999999999999998 ],
    "18": [ "1", 0.3 ]
  },
  {
    "6": [ "2", 0.45999999999999996 ],
    "7": [ "1", 0.22 ],
    "8": [ "3", 0.8 ],
    "11": [ "0", 0 ]
  },
  {
    "6": [ "3", 0.9 ],
    "7": [ "2", 0.66 ],
    "8": [ "4", 1.24 ],
    "9": [ "0", 0 ],
    "19": [ "1", 0.32 ]
  },
  { "12": [ "1", 0.34 ], "13": [ "0", 0 ], "14": [ "2", 0.7 ] },
  { "8": [ "0", 0 ], "12": [ "1", 0.38 ], "14": [ "2", 0.74 ] },
  { "9": [ "2", 0.36 ], "12": [ "0", 0 ], "14": [ "1", 0.36 ] },
  { "12": [ "1", 0.36 ], "13": [ "2", 0.7 ], "14": [ "0", 0 ] },
  { "7": [ "1", 0.3 ], "11": [ "2", 0.52 ], "12": [ "0", 0 ] },
  {
    "4": [ "0", 0 ],
    "6": [ "1", 0.28 ],
    "8": [ "2", 0.6200000000000001 ]
  },
  {
    "3": [ "5", 1.66 ],
    "4": [ "3", 1 ],
    "6": [ "2", 0.72 ],
    "8": [ "1", 0.38 ],
    "12": [ "0", 0 ],
    "18": [ "4", 1.3599999999999999 ]
  },
  { "1": [ "2", 0.48 ], "17": [ "1", 0.22 ], "18": [ "0", 0 ] },
  { "5": [ "1", 0.38 ], "16": [ "2", 0.66 ], "17": [ "0", 0 ] },
  { "1": [ "1", 0.26 ], "15": [ "2", 0.46 ], "17": [ "0", 0 ] }
]