[
  {
    "4": [ "1", 0.26 ],
    "7": [ "0", 0 ],
    "8": [ "2", 0.5800000000000001 ],
    "9": [ "3", 0.8800000000000001 ],
    "13": [ "4", 0.8600000000000001 ],
    "16": [ "5", 1.06 ]
  },
  {
    "1": [ "0", 0 ],
    "2": [ "1", 0.36 ],
    "4": [ "2", 0.62 ],
    "8": [ "3", 0.94 ],
    "9": [ "4", 1.24 ],
    "13": [ "5", 1.22 ],
    "16": [ "6", 1.42 ],
    "17": [ "7", 1.72 ],
    "18": [ "8", 1.96 ]
  },
  {
    "4": [ "4", 1.26 ],
    "5": [ "5", 1.46 ],
    "6": [ "6", 1.8 ],
    "8": [ "3", 0.94 ],
    "9": [ "2", 0.64 ],
    "10": [ "1", 0.38 ],
    "11": [ "0", 0 ]
  },
  {
    "9": [ "2", 0.6200000000000001 ],
    "10": [ "3", 0.8800000000000001 ],
    "12": [ "4", 1.2400000000000002 ],
    "13": [ "1", 0.28 ],
    "14": [ "0", 0 ]
  },
  {
    "13": [ "1", -0.02 ],
    "15": [ "0", 0 ],
    "16": [ "2", 0.18000000000000002 ],
    "19": [ "3", 0.42000000000000004 ]
  },
  {
    "2": [ "4", 1.1400000000000001 ],
    "3": [ "5", 1.5 ],
    "4": [ "3", 0.8800000000000001 ],
    "8": [ "2", 0.56 ],
    "9": [ "1", 0.26 ],
    "20": [ "0", 0 ]
  }
]